id,name,address,lat,lng
E001,Priya Sharma,HSR Layout,12.9116,77.6389
E002,Rahul Kumar,Indiranagar,12.9784,77.6408
E003,Anita Desai,Whitefield,12.9698,77.7500
E004,Vikram Singh,Koramangala,12.9352,77.6245
E005,Sneha Reddy,Electronic City,12.8456,77.6603
E006,Amit Patel,JP Nagar,12.9063,77.5857
E007,Kavita Nair,Jayanagar,12.9308,77.5838
E008,Rajesh Gupta,BTM Layout,12.9166,77.6101
E009,Deepa Menon,Malleshwaram,13.0035,77.5644
E010,Kiran Rao,Banashankari,12.9255,77.5468
E011,Suresh Hegde,Yelahanka,13.1007,77.5963
E012,Meera Iyer,Basavanagudi,12.9422,77.5744
E013,Arjun Nayak,Hebbal,13.0358,77.5970
E014,Pooja Krishnan,Sadashivanagar,13.0080,77.5780
E015,Sanjay Murthy,Vijayanagar,12.9700,77.5350
E016,Ritu Sharma,RT Nagar,13.0210,77.5970
E017,Vinod Kumar,KR Puram,13.0100,77.7050
E018,Lakshmi Devi,Marathahalli,12.9591,77.6974
E019,Naveen Gowda,Bellandur,12.9250,77.6780
E020,Prashant Rao,Sarjapur Road,12.9100,77.6850
